"Sale Date","Item Name",Buyer,Quantity,Price,"Coupon Code","Coupon Details","Discount Amount","Shipping Discount","Order Shipping","Order Sales Tax","Item Total",Currency,"Transaction ID","Listing ID","Date Paid","Date Shipped","Ship Name","Ship Address1","Ship Address2","Ship City","Ship State","Ship Zipcode","Ship Country","Order ID",Variations,"Order Type","Listings Type","Payment Type","InPerson Discount","InPerson Location","VAT Paid by Buyer",SKU
09/28/26,Engraved Pet ID Tag,Testy Fakename (fake_user_01),2,14.00,,,0,0,0,0,28.00,USD,2000001001,3000000010,09/28/2026,,Testy Fakename,123 Fake Street,Apt 0,Nowhereville,ZZ,00000,United States,1000001001,"Shape:Bone,Color:Silver,Personalization:Biscuit",online,listing,online_cc,,,0,EM-TEST-PETTAG
09/28/26,Engraved Pet ID Tag,Ima Placeholder (fake_user_02),1,14.00,,,0,0,0,0,14.00,USD,2000001002,3000000010,09/28/2026,,Ima Placeholder,123 Fake Street,Apt 0,Nowhereville,ZZ,00000,United States,1000001002,"Shape:Round,Color:Gold,Personalization:Mochi",online,listing,online_cc,,,0,EM-TEST-PETTAG
09/28/26,Personalized Engraved Wooden Recipe Box with Family Name - Fake Test Item,Ima Placeholder (fake_user_02),1,48.00,,,0,0,0,0,48.00,USD,2000001003,3000000011,09/28/2026,,Ima Placeholder,123 Fake Street,Apt 0,Nowhereville,ZZ,00000,United States,1000001002,"Wood type:Walnut,Personalization:The Fakenames 🐾",online,listing,online_cc,,,0,EM-TEST-RECIPE
09/28/26,Personalized Engraved Wooden Recipe Box with Family Name - Fake Test Item,Sample Buyerson (fake_user_03),1,48.00,,,0,0,0,0,48.00,USD,2000001004,3000000011,09/28/2026,,Sample Buyerson,123 Fake Street,Apt 0,Nowhereville,ZZ,00000,United States,1000001003,"Wood type:Cherry,Personalization:Not requested on this item.",online,listing,online_cc,,,0,EM-TEST-RECIPE
09/28/26,Personalized Engraved Wooden Recipe Box with Family Name - Fake Test Item,Faux Customer (fake_user_51),1,48.00,,,0,0,0,0,48.00,USD,2000001005,3000000011,09/28/2026,,Faux Customer,123 Fake Street,Apt 0,Nowhereville,ZZ,00000,United States,1000001004,"Wood type:Maple,Personalization:",online,listing,online_cc,,,0,EM-TEST-RECIPE
09/28/26,Personalized Engraved Wooden Recipe Box with Family Name - Fake Test Item,Dummy McTest (fake_user_52),1,48.00,,,0,0,0,0,48.00,USD,2000001006,3000000011,09/28/2026,,Dummy McTest,123 Fake Street,Apt 0,Nowhereville,ZZ,00000,United States,1000001005,"Wood type:Walnut,Personalization:Grandma
Rose
Fake
Kitchen
Est
1970
Yum",online,listing,online_cc,,,0,EM-TEST-RECIPE
09/28/26,Personalized Engraved Wooden Recipe Box with Family Name - Fake Test Item,,0,48.00,,,0,0,0,0,0.00,USD,2000001007,3000000011,09/28/2026,,Giftee Recipientson,123 Fake Street,Apt 0,Nowhereville,ZZ,00000,United States,1000001006,"Wood type:Cherry,Personalization:The Testersons",online,listing,online_cc,,,0,EM-TEST-RECIPE
