Row,Order ID,First name,Listing ID,Item,SKU,Copy,Option 1,Option 2,Option 3,Other options,Personalization,Line 1,Line 2,Line 3,Line 4,Line 5,Line 6
1,1000000505,Sample,3000000006,Blank Coaster Set,EM-TEST-COASTER,1 of 2,Natural,,,,,,,,,,
2,1000000505,Sample,3000000006,Blank Coaster Set,EM-TEST-COASTER,2 of 2,Natural,,,,,,,,,,
3,1000000508,Dummy,3000000006,Blank Coaster Set,EM-TEST-COASTER,1 of 1,Gray,,,,,,,,,,
4,1000000501,Faux,3000000005,Engraved Wooden Ornament,EM-TEST-ORN,1 of 1,Star,,,,Grandpa ❤️,Grandpa ❤️,,,,,
5,1000000502,Dummy,3000000005,Engraved Wooden Ornament,EM-TEST-ORN,1 of 1,Bell,,,,,,,,,,
6,1000000503,Sample,3000000005,Engraved Wooden Ornament,EM-TEST-ORN,1 of 1,Star,,,,,,,,,,
7,1000000504,Testy,3000000005,Engraved Wooden Ornament,EM-TEST-ORN,1 of 1,Bell,,,,Merry Christmas to the whole Fakename family from all of us,Merry Christmas to the whole Fakename family from all of us,,,,,
8,1000000506,Ima,3000000005,Engraved Wooden Ornament,EM-TEST-ORN,1 of 1,,,,,,,,,,,
9,1000000507,Zoë,3000000005,Engraved Wooden Ornament,EM-TEST-ORN,1 of 1,Star,,,,Zoë,Zoë,,,,,
